refreshed_time,province,kabupaten_kota,candidate_1_votes,candidate_2_votes,candidate_3_votes,total_votes
2024-02-20 23:15:39.355539,ACEH,ACEH BARAT,57655.0,18065.0,1523.0,77243.0
2024-02-20 23:15:39.355539,ACEH,ACEH BARAT DAYA,40696.0,7064.0,880.0,48640.0
2024-02-20 23:15:39.355539,ACEH,ACEH BESAR,164506.0,22023.0,2829.0,189358.0
2024-02-20 23:15:39.355539,ACEH,ACEH JAYA,35880.0,6151.0,766.0,42797.0
2024-02-20 23:15:39.355539,ACEH,ACEH SELATAN,90274.0,16478.0,1857.0,108609.0
2024-02-20 23:15:39.355539,ACEH,ACEH SINGKIL,19169.0,19756.0,2306.0,41231.0
2024-02-20 23:15:39.355539,ACEH,ACEH TAMIANG,54550.0,47685.0,3277.0,105512.0
2024-02-20 23:15:39.355539,ACEH,ACEH TENGAH,65505.0,42080.0,4729.0,112314.0
2024-02-20 23:15:39.355539,ACEH,ACEH TENGGARA,27647.0,22673.0,2724.0,53044.0
2024-02-20 23:15:39.355539,ACEH,ACEH TIMUR,82161.0,16825.0,1653.0,100639.0
2024-02-20 23:15:39.355539,ACEH,ACEH UTARA,205400.0,36664.0,2759.0,244823.0
2024-02-20 23:15:39.355539,ACEH,BENER MERIAH,33587.0,22755.0,2425.0,58767.0
2024-02-20 23:15:39.355539,ACEH,BIREUEN,184682.0,21676.0,2252.0,208610.0
2024-02-20 23:15:39.355539,ACEH,GAYO LUES,35490.0,12611.0,1176.0,49277.0
2024-02-20 23:15:39.355539,ACEH,KOTA BANDA ACEH,65259.0,14326.0,2010.0,81595.0
2024-02-20 23:15:39.355539,ACEH,KOTA LANGSA,30295.0,15163.0,1092.0,46550.0
2024-02-20 23:15:39.355539,ACEH,KOTA LHOKSEUMAWE,43789.0,8314.0,690.0,52793.0
2024-02-20 23:15:39.355539,ACEH,KOTA SABANG,8216.0,1944.0,186.0,10346.0
2024-02-20 23:15:39.355539,ACEH,KOTA SUBULUSSALAM,19341.0,13329.0,1360.0,34030.0
2024-02-20 23:15:39.355539,ACEH,NAGAN RAYA,43552.0,17906.0,1409.0,62867.0
2024-02-20 23:15:39.355539,ACEH,PIDIE,92110.0,14345.0,1475.0,107930.0
2024-02-20 23:15:39.355539,ACEH,PIDIE JAYA,35321.0,8066.0,425.0,43812.0
2024-02-20 23:15:39.355539,ACEH,SIMEULUE,24182.0,7962.0,663.0,32807.0
2024-02-20 23:15:39.355539,BALI,BADUNG,1421.0,35715.0,30454.0,67590.0
2024-02-20 23:15:39.355539,BALI,BANGLI,1216.0,33205.0,33018.0,67439.0
2024-02-20 23:15:39.355539,BALI,BULELENG,8466.0,79934.0,49543.0,137943.0
2024-02-20 23:15:39.355539,BALI,GIANYAR,2873.0,111513.0,112327.0,226713.0
2024-02-20 23:15:39.355539,BALI,JEMBRANA,5440.0,33539.0,18143.0,57122.0
2024-02-20 23:15:39.355539,BALI,KARANGASEM,5271.0,94540.0,59325.0,159136.0
2024-02-20 23:15:39.355539,BALI,KLUNGKUNG,1499.0,41907.0,25581.0,68987.0
2024-02-20 23:15:39.355539,BALI,KOTA DENPASAR,2851.0,30406.0,18582.0,51839.0
2024-02-20 23:15:39.355539,BALI,TABANAN,2805.0,62318.0,105095.0,170218.0
2024-02-20 23:15:39.355539,BANTEN,KOTA CILEGON,91239.0,110461.0,16481.0,218181.0
2024-02-20 23:15:39.355539,BANTEN,KOTA SERANG,74116.0,108893.0,14698.0,197707.0
2024-02-20 23:15:39.355539,BANTEN,KOTA TANGERANG,104906.0,141931.0,43076.0,289913.0
2024-02-20 23:15:39.355539,BANTEN,KOTA TANGERANG SELATAN,151422.0,189930.0,67460.0,408812.0
2024-02-20 23:15:39.355539,BANTEN,LEBAK,196905.0,428199.0,56245.0,681349.0
2024-02-20 23:15:39.355539,BANTEN,PANDEGLANG,188844.0,294961.0,44076.0,527881.0
2024-02-20 23:15:39.355539,BANTEN,SERANG,177684.0,307880.0,35163.0,520727.0
2024-02-20 23:15:39.355539,BANTEN,TANGERANG,300837.0,575650.0,85278.0,961765.0
2024-02-20 23:15:39.355539,BENGKULU,BENGKULU SELATAN,18267.0,58522.0,11630.0,88419.0
2024-02-20 23:15:39.355539,BENGKULU,BENGKULU TENGAH,10583.0,60665.0,7375.0,78623.0
2024-02-20 23:15:39.355539,BENGKULU,BENGKULU UTARA,19228.0,108168.0,24571.0,151967.0
2024-02-20 23:15:39.355539,BENGKULU,KAUR,12519.0,50462.0,8175.0,71156.0
2024-02-20 23:15:39.355539,BENGKULU,KEPAHIANG,8314.0,46096.0,6708.0,61118.0
2024-02-20 23:15:39.355539,BENGKULU,KOTA BENGKULU,61090.0,126327.0,16941.0,204358.0
2024-02-20 23:15:39.355539,BENGKULU,LEBONG,7685.0,45057.0,6351.0,59093.0
2024-02-20 23:15:39.355539,BENGKULU,MUKO MUKO,20739.0,70784.0,14445.0,105968.0
2024-02-20 23:15:39.355539,BENGKULU,REJANG LEBONG,27276.0,123061.0,18402.0,168739.0
2024-02-20 23:15:39.355539,BENGKULU,SELUMA,17174.0,95822.0,15362.0,128358.0
2024-02-20 23:15:39.355539,DAERAH ISTIMEWA YOGYAKARTA,BANTUL,49437.0,133025.0,73533.0,255995.0
2024-02-20 23:15:39.355539,DAERAH ISTIMEWA YOGYAKARTA,GUNUNGKIDUL,56478.0,246353.0,126459.0,429290.0
2024-02-20 23:15:39.355539,DAERAH ISTIMEWA YOGYAKARTA,KOTA YOGYAKARTA,44327.0,69980.0,56708.0,171015.0
2024-02-20 23:15:39.355539,DAERAH ISTIMEWA YOGYAKARTA,KULON PROGO,30628.0,80357.0,45739.0,156724.0
2024-02-20 23:15:39.355539,DAERAH ISTIMEWA YOGYAKARTA,SLEMAN,105366.0,234187.0,145374.0,484927.0
2024-02-20 23:15:39.355539,DKI JAKARTA,ADM. KEP. SERIBU,7002.0,8841.0,2264.0,18107.0
2024-02-20 23:15:39.355539,DKI JAKARTA,KOTA ADM. JAKARTA BARAT,382423.0,475949.0,227427.0,1085799.0
2024-02-20 23:15:39.355539,DKI JAKARTA,KOTA ADM. JAKARTA PUSAT,199891.0,192185.0,87570.0,479646.0
2024-02-20 23:15:39.355539,DKI JAKARTA,KOTA ADM. JAKARTA SELATAN,240027.0,192108.0,81592.0,513727.0
2024-02-20 23:15:39.355539,DKI JAKARTA,KOTA ADM. JAKARTA TIMUR,487265.0,440987.0,162901.0,1091153.0
2024-02-20 23:15:39.355539,DKI JAKARTA,KOTA ADM. JAKARTA UTARA,127830.0,168205.0,62775.0,358810.0
2024-02-20 23:15:39.355539,GORONTALO,BOALEMO,16375.0,45202.0,6267.0,67844.0
2024-02-20 23:15:39.355539,GORONTALO,BONE BOLANGO,22184.0,48688.0,3153.0,74025.0
2024-02-20 23:15:39.355539,GORONTALO,GORONTALO,47129.0,102764.0,7703.0,157596.0
2024-02-20 23:15:39.355539,GORONTALO,GORONTALO UTARA,18119.0,51544.0,3534.0,73197.0
2024-02-20 23:15:39.355539,GORONTALO,KOTA GORONTALO,33798.0,58382.0,4434.0,96614.0
2024-02-20 23:15:39.355539,GORONTALO,POHUWATO,15549.0,38800.0,3703.0,58052.0
2024-02-20 23:15:39.355539,JAMBI,KERINCI,33583.0,85609.0,6439.0,125631.0
2024-02-20 23:15:39.355539,JAMBI,MERANGIN,42188.0,129947.0,22136.0,194271.0
2024-02-20 23:15:39.355539,JAMBI,MUARO JAMBI,29821.0,109884.0,20115.0,159820.0
2024-02-20 23:15:39.355539,JAMBI,BATANGHARI,27016.0,82658.0,13158.0,122832.0
2024-02-20 23:15:39.355539,JAMBI,BUNGO,35333.0,101286.0,12639.0,149258.0
2024-02-20 23:15:39.355539,JAMBI,KOTA JAMBI,80858.0,137848.0,24317.0,243023.0
2024-02-20 23:15:39.355539,JAMBI,KOTA SUNGAI PENUH,18672.0,30916.0,1943.0,51531.0
2024-02-20 23:15:39.355539,JAMBI,SAROLANGUN,24336.0,67495.0,12095.0,103926.0
2024-02-20 23:15:39.355539,JAMBI,TANJUNG JABUNG BARAT,33545.0,87261.0,15382.0,136188.0
2024-02-20 23:15:39.355539,JAMBI,TANJUNG JABUNG TIMUR,26588.0,75885.0,12555.0,115028.0
2024-02-20 23:15:39.355539,JAMBI,TEBO,24260.0,83600.0,20536.0,128396.0
2024-02-20 23:15:39.355539,JAWA BARAT,BANDUNG,369733.0,831439.0,88032.0,1289204.0
2024-02-20 23:15:39.355539,JAWA BARAT,BANDUNG BARAT,195256.0,494869.0,52553.0,742678.0
2024-02-20 23:15:39.355539,JAWA BARAT,BEKASI,121983.0,181278.0,30883.0,334144.0
2024-02-20 23:15:39.355539,JAWA BARAT,BOGOR,635636.0,1091763.0,151500.0,1878899.0
2024-02-20 23:15:39.355539,JAWA BARAT,CIAMIS,227513.0,288547.0,69434.0,585494.0
2024-02-20 23:15:39.355539,JAWA BARAT,CIANJUR,191233.0,348464.0,46740.0,586437.0
2024-02-20 23:15:39.355539,JAWA BARAT,CIREBON,131782.0,442922.0,106627.0,681331.0
2024-02-20 23:15:39.355539,JAWA BARAT,GARUT,468865.0,751299.0,88726.0,1308890.0
2024-02-20 23:15:39.355539,JAWA BARAT,INDRAMAYU,85221.0,451058.0,111185.0,647464.0
2024-02-20 23:15:39.355539,JAWA BARAT,KARAWANG,141517.0,419176.0,47711.0,608404.0
2024-02-20 23:15:39.355539,JAWA BARAT,KOTA BANDUNG,276541.0,396934.0,91979.0,765454.0
2024-02-20 23:15:39.355539,JAWA BARAT,KOTA BANJAR,27211.0,59063.0,18770.0,105044.0
2024-02-20 23:15:39.355539,JAWA BARAT,KOTA BEKASI,207453.0,222435.0,72740.0,502628.0
2024-02-20 23:15:39.355539,JAWA BARAT,KOTA BOGOR,155210.0,207913.0,44073.0,407196.0
2024-02-20 23:15:39.355539,JAWA BARAT,KOTA CIMAHI,90484.0,137795.0,24429.0,252708.0
2024-02-20 23:15:39.355539,JAWA BARAT,KOTA CIREBON,36833.0,74035.0,21559.0,132427.0
2024-02-20 23:15:39.355539,JAWA BARAT,KOTA DEPOK,306573.0,335178.0,93105.0,734856.0
2024-02-20 23:15:39.355539,JAWA BARAT,KOTA SUKABUMI,67069.0,93055.0,16000.0,176124.0
2024-02-20 23:15:39.355539,JAWA BARAT,KOTA TASIKMALAYA,164807.0,228862.0,33116.0,426785.0
2024-02-20 23:15:39.355539,JAWA BARAT,KUNINGAN,167594.0,160208.0,41607.0,369409.0
2024-02-20 23:15:39.355539,JAWA BARAT,MAJALENGKA,117446.0,241715.0,48731.0,407892.0
2024-02-20 23:15:39.355539,JAWA BARAT,PANGANDARAN,46173.0,87861.0,34735.0,168769.0
2024-02-20 23:15:39.355539,JAWA BARAT,PURWAKARTA,113489.0,230849.0,18527.0,362865.0
2024-02-20 23:15:39.355539,JAWA BARAT,SUBANG,88590.0,379424.0,48285.0,516299.0
2024-02-20 23:15:39.355539,JAWA BARAT,SUKABUMI,379759.0,599525.0,75938.0,1055222.0
2024-02-20 23:15:39.355539,JAWA BARAT,SUMEDANG,160595.0,474410.0,67572.0,702577.0
2024-02-20 23:15:39.355539,JAWA BARAT,TASIKMALAYA,415868.0,537892.0,92789.0,1046549.0
2024-02-20 23:15:39.355539,JAWA TENGAH,BANGKALAN,27090.0,54095.0,15265.0,96450.0
2024-02-20 23:15:39.355539,JAWA TENGAH,BANYUWANGI,27344.0,157123.0,41104.0,225571.0
2024-02-20 23:15:39.355539,JAWA TENGAH,BLITAR,49644.0,340546.0,158070.0,548260.0
2024-02-20 23:15:39.355539,JAWA TENGAH,BOJONEGORO,48690.0,402911.0,90166.0,541767.0
2024-02-20 23:15:39.355539,JAWA TENGAH,BONDOWOSO,123489.0,222788.0,29529.0,375806.0
2024-02-20 23:15:39.355539,JAWA TENGAH,GRESIK,97553.0,429785.0,91247.0,618585.0
2024-02-20 23:15:39.355539,JAWA TENGAH,JEMBER,132964.0,503182.0,113186.0,749332.0
2024-02-20 23:15:39.355539,JAWA TENGAH,JOMBANG,82495.0,536100.0,141590.0,760185.0
2024-02-20 23:15:39.355539,JAWA TENGAH,KEDIRI,88914.0,640043.0,239232.0,968189.0
2024-02-20 23:15:39.355539,JAWA TENGAH,KOTA BATU,16496.0,74618.0,22857.0,113971.0
2024-02-20 23:15:39.355539,JAWA TENGAH,KOTA BLITAR,4464.0,22814.0,10613.0,37891.0
2024-02-20 23:15:39.355539,JAWA TENGAH,KOTA KEDIRI,16277.0,82251.0,24733.0,123261.0
2024-02-20 23:15:39.355539,JAWA TENGAH,KOTA MADIUN,11992.0,54320.0,21002.0,87314.0
2024-02-20 23:15:39.355539,JAWA TENGAH,KOTA MALANG,47224.0,126944.0,45862.0,220030.0
2024-02-20 23:15:39.355539,JAWA TENGAH,KOTA MOJOKERTO,6987.0,34955.0,9157.0,51099.0
2024-02-20 23:15:39.355539,JAWA TENGAH,KOTA PASURUAN,22930.0,76276.0,15593.0,114799.0
2024-02-20 23:15:39.355539,JAWA TENGAH,KOTA PROBOLINGGO,17562.0,67240.0,13647.0,98449.0
2024-02-20 23:15:39.355539,JAWA TENGAH,KOTA SURABAYA,77509.0,270447.0,106249.0,454205.0
2024-02-20 23:15:39.355539,JAWA TENGAH,LAMONGAN,85403.0,424068.0,92841.0,602312.0
2024-02-20 23:15:39.355539,JAWA TENGAH,LUMAJANG,92891.0,408863.0,98702.0,600456.0
2024-02-20 23:15:39.355539,JAWA TENGAH,MADIUN,34836.0,276444.0,77930.0,389210.0
2024-02-20 23:15:39.355539,JAWA TENGAH,MAGETAN,24201.0,125243.0,39416.0,188860.0
2024-02-20 23:15:39.355539,JAWA TENGAH,MALANG,119316.0,638664.0,212370.0,970350.0
2024-02-20 23:15:39.355539,JAWA TENGAH,MOJOKERTO,65696.0,497404.0,104135.0,667235.0
2024-02-20 23:15:39.355539,JAWA TENGAH,NGANJUK,46598.0,436250.0,119570.0,602418.0
2024-02-20 23:15:39.355539,JAWA TENGAH,NGAWI,27025.0,164412.0,65905.0,257342.0
2024-02-20 23:15:39.355539,JAWA TENGAH,PACITAN,56341.0,260986.0,39027.0,356354.0
2024-02-20 23:15:39.355539,JAWA TENGAH,PAMEKASAN,145826.0,120866.0,17980.0,284672.0
2024-02-20 23:15:39.355539,JAWA TENGAH,PASURUAN,179055.0,719631.0,104169.0,1002855.0
2024-02-20 23:15:39.355539,JAWA TENGAH,PONOROGO,74426.0,367825.0,118588.0,560839.0
2024-02-20 23:15:39.355539,JAWA TENGAH,PROBOLINGGO,95353.0,360662.0,45726.0,501741.0
2024-02-20 23:15:39.355539,JAWA TENGAH,SAMPANG,80724.0,78257.0,13003.0,171984.0
2024-02-20 23:15:39.355539,JAWA TENGAH,SIDOARJO,82050.0,360510.0,79835.0,522395.0
2024-02-20 23:15:39.355539,JAWA TENGAH,SITUBONDO,143117.0,214262.0,33657.0,391036.0
2024-02-20 23:15:39.355539,JAWA TENGAH,SUMENEP,127446.0,140568.0,35410.0,303424.0
2024-02-20 23:15:39.355539,JAWA TENGAH,TRENGGALEK,28090.0,199424.0,74197.0,301711.0
2024-02-20 23:15:39.355539,JAWA TENGAH,TUBAN,75688.0,498664.0,143675.0,718027.0
2024-02-20 23:15:39.355539,JAWA TENGAH,TULUNGAGUNG,40033.0,311597.0,114884.0,466514.0
2024-02-20 23:15:39.355539,JAWA TIMUR,BANGKALAN,27090.0,54095.0,15265.0,96450.0
2024-02-20 23:15:39.355539,JAWA TIMUR,BANYUWANGI,27344.0,157123.0,41104.0,225571.0
2024-02-20 23:15:39.355539,JAWA TIMUR,BLITAR,49644.0,340546.0,158070.0,548260.0
2024-02-20 23:15:39.355539,JAWA TIMUR,BOJONEGORO,48690.0,402911.0,90166.0,541767.0
2024-02-20 23:15:39.355539,JAWA TIMUR,BONDOWOSO,123489.0,222788.0,29529.0,375806.0
2024-02-20 23:15:39.355539,JAWA TIMUR,GRESIK,97553.0,429785.0,91247.0,618585.0
2024-02-20 23:15:39.355539,JAWA TIMUR,JEMBER,132964.0,503182.0,113186.0,749332.0
2024-02-20 23:15:39.355539,JAWA TIMUR,JOMBANG,82495.0,536100.0,141590.0,760185.0
2024-02-20 23:15:39.355539,JAWA TIMUR,KEDIRI,88914.0,640043.0,239232.0,968189.0
2024-02-20 23:15:39.355539,JAWA TIMUR,KOTA BATU,16496.0,74618.0,22857.0,113971.0
2024-02-20 23:15:39.355539,JAWA TIMUR,KOTA BLITAR,4464.0,22814.0,10613.0,37891.0
2024-02-20 23:15:39.355539,JAWA TIMUR,KOTA KEDIRI,16277.0,82251.0,24733.0,123261.0
2024-02-20 23:15:39.355539,JAWA TIMUR,KOTA MADIUN,11992.0,54320.0,21002.0,87314.0
2024-02-20 23:15:39.355539,JAWA TIMUR,KOTA MALANG,47224.0,126944.0,45862.0,220030.0
2024-02-20 23:15:39.355539,JAWA TIMUR,KOTA MOJOKERTO,6987.0,34955.0,9157.0,51099.0
2024-02-20 23:15:39.355539,JAWA TIMUR,KOTA PASURUAN,22930.0,76276.0,15593.0,114799.0
2024-02-20 23:15:39.355539,JAWA TIMUR,KOTA PROBOLINGGO,17562.0,67240.0,13647.0,98449.0
2024-02-20 23:15:39.355539,JAWA TIMUR,KOTA SURABAYA,77509.0,270447.0,106249.0,454205.0
2024-02-20 23:15:39.355539,JAWA TIMUR,LAMONGAN,85403.0,424068.0,92841.0,602312.0
2024-02-20 23:15:39.355539,JAWA TIMUR,LUMAJANG,92891.0,408863.0,98702.0,600456.0
2024-02-20 23:15:39.355539,JAWA TIMUR,MADIUN,34836.0,276444.0,77930.0,389210.0
2024-02-20 23:15:39.355539,JAWA TIMUR,MAGETAN,24201.0,125243.0,39416.0,188860.0
2024-02-20 23:15:39.355539,JAWA TIMUR,MALANG,119316.0,638664.0,212370.0,970350.0
2024-02-20 23:15:39.355539,JAWA TIMUR,MOJOKERTO,65696.0,497404.0,104135.0,667235.0
2024-02-20 23:15:39.355539,JAWA TIMUR,NGANJUK,46598.0,436250.0,119570.0,602418.0
2024-02-20 23:15:39.355539,JAWA TIMUR,NGAWI,27025.0,164412.0,65905.0,257342.0
2024-02-20 23:15:39.355539,JAWA TIMUR,PACITAN,56341.0,260986.0,39027.0,356354.0
2024-02-20 23:15:39.355539,JAWA TIMUR,PAMEKASAN,145826.0,120866.0,17980.0,284672.0
2024-02-20 23:15:39.355539,JAWA TIMUR,PASURUAN,179055.0,719631.0,104169.0,1002855.0
2024-02-20 23:15:39.355539,JAWA TIMUR,PONOROGO,74426.0,367825.0,118588.0,560839.0
2024-02-20 23:15:39.355539,JAWA TIMUR,PROBOLINGGO,95353.0,360662.0,45726.0,501741.0
2024-02-20 23:15:39.355539,JAWA TIMUR,SAMPANG,80724.0,78257.0,13003.0,171984.0
2024-02-20 23:15:39.355539,JAWA TIMUR,SIDOARJO,82050.0,360510.0,79835.0,522395.0
2024-02-20 23:15:39.355539,JAWA TIMUR,SITUBONDO,143117.0,214262.0,33657.0,391036.0
2024-02-20 23:15:39.355539,JAWA TIMUR,SUMENEP,127446.0,140568.0,35410.0,303424.0
2024-02-20 23:15:39.355539,JAWA TIMUR,TRENGGALEK,28090.0,199424.0,74197.0,301711.0
2024-02-20 23:15:39.355539,JAWA TIMUR,TUBAN,75688.0,498664.0,143675.0,718027.0
2024-02-20 23:15:39.355539,JAWA TIMUR,TULUNGAGUNG,40033.0,311597.0,114884.0,466514.0
2024-02-20 23:15:39.355539,KALIMANTAN BARAT,BENGKAYANG,12747.0,80676.0,21801.0,115224.0
2024-02-20 23:15:39.355539,KALIMANTAN BARAT,KAPUAS HULU,19218.0,82513.0,19320.0,121051.0
2024-02-20 23:15:39.355539,KALIMANTAN BARAT,KAYONG UTARA,7737.0,22284.0,3870.0,33891.0
2024-02-20 23:15:39.355539,KALIMANTAN BARAT,KETAPANG,33512.0,113035.0,27716.0,174263.0
2024-02-20 23:15:39.355539,KALIMANTAN BARAT,KOTA PONTIANAK,84217.0,90876.0,27857.0,202950.0
2024-02-20 23:15:39.355539,KALIMANTAN BARAT,KOTA SINGKAWANG,16285.0,34499.0,14991.0,65775.0
2024-02-20 23:15:39.355539,KALIMANTAN BARAT,KUBU RAYA,96619.0,130586.0,31882.0,259087.0
2024-02-20 23:15:39.355539,KALIMANTAN BARAT,LANDAK,7906.0,85496.0,28819.0,122221.0
2024-02-20 23:15:39.355539,KALIMANTAN BARAT,MELAWI,7515.0,44442.0,8234.0,60191.0
2024-02-20 23:15:39.355539,KALIMANTAN BARAT,MEMPAWAH,58766.0,69283.0,19496.0,147545.0
2024-02-20 23:15:39.355539,KALIMANTAN BARAT,SAMBAS,72825.0,142445.0,32953.0,248223.0
2024-02-20 23:15:39.355539,KALIMANTAN BARAT,SANGGAU,19383.0,134436.0,40640.0,194459.0
2024-02-20 23:15:39.355539,KALIMANTAN BARAT,SEKADAU,4556.0,28457.0,8669.0,41682.0
2024-02-20 23:15:39.355539,KALIMANTAN BARAT,SINTANG,16905.0,129244.0,31784.0,177933.0
2024-02-20 23:15:39.355539,KALIMANTAN SELATAN,BALANGAN,20950.0,30593.0,3275.0,54818.0
2024-02-20 23:15:39.355539,KALIMANTAN SELATAN,BANJAR,31243.0,41398.0,4340.0,76981.0
2024-02-20 23:15:39.355539,KALIMANTAN SELATAN,BARITO KUALA,31199.0,58180.0,7713.0,97092.0
2024-02-20 23:15:39.355539,KALIMANTAN SELATAN,HULU SUNGAI SELATAN,56877.0,56159.0,6522.0,119558.0
2024-02-20 23:15:39.355539,KALIMANTAN SELATAN,HULU SUNGAI TENGAH,55311.0,55544.0,5731.0,116586.0
2024-02-20 23:15:39.355539,KALIMANTAN SELATAN,HULU SUNGAI UTARA,54456.0,44201.0,4325.0,102982.0
2024-02-20 23:15:39.355539,KALIMANTAN SELATAN,KOTA BANJARBARU,12994.0,23297.0,3453.0,39744.0
2024-02-20 23:15:39.355539,KALIMANTAN SELATAN,KOTA BANJARMASIN,65215.0,87319.0,12446.0,164980.0
2024-02-20 23:15:39.355539,KALIMANTAN SELATAN,KOTABARU,20693.0,69455.0,7242.0,97390.0
2024-02-20 23:15:39.355539,KALIMANTAN SELATAN,TABALONG,49180.0,63479.0,6960.0,119619.0
2024-02-20 23:15:39.355539,KALIMANTAN SELATAN,TANAH BUMBU,19344.0,76141.0,7684.0,103169.0
2024-02-20 23:15:39.355539,KALIMANTAN SELATAN,TANAH LAUT,29154.0,77157.0,9441.0,115752.0
2024-02-20 23:15:39.355539,KALIMANTAN SELATAN,TAPIN,19001.0,37544.0,3333.0,59878.0
2024-02-20 23:15:39.355539,KALIMANTAN TENGAH,BARITO SELATAN,12211.0,46542.0,5321.0,64074.0
2024-02-20 23:15:39.355539,KALIMANTAN TENGAH,BARITO TIMUR,8022.0,40873.0,4878.0,53773.0
2024-02-20 23:15:39.355539,KALIMANTAN TENGAH,BARITO UTARA,5821.0,18959.0,2196.0,26976.0
2024-02-20 23:15:39.355539,KALIMANTAN TENGAH,GUNUNG MAS,1511.0,25102.0,3823.0,30436.0
2024-02-20 23:15:39.355539,KALIMANTAN TENGAH,KAPUAS,34103.0,99702.0,11757.0,145562.0
2024-02-20 23:15:39.355539,KALIMANTAN TENGAH,KATINGAN,5307.0,38996.0,6654.0,50957.0
2024-02-20 23:15:39.355539,KALIMANTAN TENGAH,KOTA PALANGKARAYA,4940.0,16700.0,2509.0,24149.0
2024-02-20 23:15:39.355539,KALIMANTAN TENGAH,KOTAWARINGIN BARAT,22879.0,93833.0,18513.0,135225.0
2024-02-20 23:15:39.355539,KALIMANTAN TENGAH,KOTAWARINGIN TIMUR,25432.0,87299.0,13251.0,125982.0
2024-02-20 23:15:39.355539,KALIMANTAN TENGAH,LAMANDAU,2420.0,24330.0,5164.0,31914.0
2024-02-20 23:15:39.355539,KALIMANTAN TENGAH,MURUNG RAYA,10251.0,40135.0,3753.0,54139.0
2024-02-20 23:15:39.355539,KALIMANTAN TENGAH,PULANG PISAU,8068.0,52288.0,7124.0,67480.0
2024-02-20 23:15:39.355539,KALIMANTAN TENGAH,SERUYAN,12464.0,54927.0,10221.0,77612.0
2024-02-20 23:15:39.355539,KALIMANTAN TENGAH,SUKAMARA,1934.0,9182.0,1574.0,12690.0
2024-02-20 23:15:39.355539,KALIMANTAN TIMUR,BERAU,16089.0,63563.0,8227.0,87879.0
2024-02-20 23:15:39.355539,KALIMANTAN TIMUR,KOTA BALIKPAPAN,54543.0,156762.0,27092.0,238397.0
2024-02-20 23:15:39.355539,KALIMANTAN TIMUR,KOTA BONTANG,11925.0,26962.0,5014.0,43901.0
2024-02-20 23:15:39.355539,KALIMANTAN TIMUR,KOTA SAMARINDA,32766.0,85626.0,13812.0,132204.0
2024-02-20 23:15:39.355539,KALIMANTAN TIMUR,KUTAI BARAT,1770.0,11477.0,1871.0,15118.0
2024-02-20 23:15:39.355539,KALIMANTAN TIMUR,KUTAI KARTANEGARA,26553.0,112091.0,16390.0,155034.0
2024-02-20 23:15:39.355539,KALIMANTAN TIMUR,KUTAI TIMUR,16408.0,64520.0,11013.0,91941.0
2024-02-20 23:15:39.355539,KALIMANTAN TIMUR,MAHAKAM ULU,542.0,12224.0,2643.0,15409.0
2024-02-20 23:15:39.355539,KALIMANTAN TIMUR,PASER,28676.0,91149.0,11193.0,131018.0
2024-02-20 23:15:39.355539,KALIMANTAN TIMUR,PENAJAM PASER UTARA,7778.0,35071.0,4291.0,47140.0
2024-02-20 23:15:39.355539,KALIMANTAN UTARA,BULUNGAN,10674.0,43307.0,8163.0,62144.0
2024-02-20 23:15:39.355539,KALIMANTAN UTARA,KOTA TARAKAN,16283.0,49950.0,7155.0,73388.0
2024-02-20 23:15:39.355539,KALIMANTAN UTARA,MALINAU,2050.0,15864.0,4122.0,22036.0
2024-02-20 23:15:39.355539,KALIMANTAN UTARA,NUNUKAN,12969.0,47202.0,7612.0,67783.0
2024-02-20 23:15:39.355539,KALIMANTAN UTARA,TANA TIDUNG,2878.0,11654.0,2426.0,16958.0
2024-02-20 23:15:39.355539,KEPULAUAN BANGKA BELITUNG,BANGKA,32233.0,66048.0,23018.0,121299.0
2024-02-20 23:15:39.355539,KEPULAUAN BANGKA BELITUNG,BANGKA BARAT,20094.0,51973.0,16434.0,88501.0
2024-02-20 23:15:39.355539,KEPULAUAN BANGKA BELITUNG,BANGKA SELATAN,15290.0,66217.0,13517.0,95024.0
2024-02-20 23:15:39.355539,KEPULAUAN BANGKA BELITUNG,BANGKA TENGAH,28427.0,67283.0,20219.0,115929.0
2024-02-20 23:15:39.355539,KEPULAUAN BANGKA BELITUNG,BELITUNG,16902.0,54719.0,15445.0,87066.0
2024-02-20 23:15:39.355539,KEPULAUAN BANGKA BELITUNG,BELITUNG TIMUR,6864.0,33718.0,10725.0,51307.0
2024-02-20 23:15:39.355539,KEPULAUAN BANGKA BELITUNG,KOTA PANGKAL PINANG,20527.0,40180.0,12939.0,73646.0
2024-02-20 23:15:39.355539,LAMPUNG,KOTA BANDAR LAMPUNG,90636.0,185811.0,33034.0,309481.0
2024-02-20 23:15:39.355539,LAMPUNG,KOTA METRO,22240.0,63435.0,13003.0,98678.0
2024-02-20 23:15:39.355539,LAMPUNG,LAMPUNG BARAT,22195.0,87546.0,30306.0,140047.0
2024-02-20 23:15:39.355539,LAMPUNG,LAMPUNG SELATAN,66020.0,302626.0,67505.0,436151.0
2024-02-20 23:15:39.355539,LAMPUNG,LAMPUNG TENGAH,72698.0,489826.0,107674.0,670198.0
2024-02-20 23:15:39.355539,LAMPUNG,LAMPUNG TIMUR,50863.0,348611.0,82061.0,481535.0
2024-02-20 23:15:39.355539,LAMPUNG,LAMPUNG UTARA,53297.0,228316.0,30967.0,312580.0
2024-02-20 23:15:39.355539,LAMPUNG,MESUJI,8447.0,70517.0,19369.0,98333.0
2024-02-20 23:15:39.355539,LAMPUNG,PESAWARAN,38845.0,152726.0,31493.0,223064.0
2024-02-20 23:15:39.355539,LAMPUNG,PESISIR BARAT,15401.0,35599.0,8433.0,59433.0
2024-02-20 23:15:39.355539,LAMPUNG,PRINGSEWU,33176.0,157217.0,40205.0,230598.0
2024-02-20 23:15:39.355539,LAMPUNG,TANGGAMUS,54534.0,212670.0,44811.0,312015.0
2024-02-20 23:15:39.355539,LAMPUNG,TULANG BAWANG,19525.0,139560.0,33774.0,192859.0
2024-02-20 23:15:39.355539,LAMPUNG,TULANG BAWANG BARAT,18526.0,124509.0,27831.0,170866.0
2024-02-20 23:15:39.355539,LAMPUNG,WAY KANAN,19911.0,135581.0,28222.0,183714.0
2024-02-20 23:15:39.355539,MALUKU,BURU,9253.0,29623.0,5108.0,43984.0
2024-02-20 23:15:39.355539,MALUKU,BURU SELATAN,2631.0,6268.0,1065.0,9964.0
2024-02-20 23:15:39.355539,MALUKU,KEPULAUAN ARU,518.0,4603.0,1339.0,6460.0
2024-02-20 23:15:39.355539,MALUKU,KEPULAUAN TANIMBAR,1955.0,34987.0,15314.0,52256.0
2024-02-20 23:15:39.355539,MALUKU,KOTA AMBON,21065.0,90607.0,21140.0,132812.0
2024-02-20 23:15:39.355539,MALUKU,KOTA TUAL,1614.0,3066.0,673.0,5353.0
2024-02-20 23:15:39.355539,MALUKU,MALUKU BARAT DAYA,302.0,7436.0,3663.0,11401.0
2024-02-20 23:15:39.355539,MALUKU,MALUKU TENGAH,35628.0,82982.0,22744.0,141354.0
2024-02-20 23:15:39.355539,MALUKU,MALUKU TENGGARA,1491.0,7097.0,3389.0,11977.0
2024-02-20 23:15:39.355539,MALUKU,SERAM BAGIAN BARAT,14021.0,47866.0,9195.0,71082.0
2024-02-20 23:15:39.355539,MALUKU,SERAM BAGIAN TIMUR,4536.0,6068.0,1028.0,11632.0
2024-02-20 23:15:39.355539,MALUKU UTARA,HALMAHERA BARAT,3754.0,12438.0,2341.0,18533.0
2024-02-20 23:15:39.355539,MALUKU UTARA,HALMAHERA SELATAN,2956.0,6818.0,851.0,10625.0
2024-02-20 23:15:39.355539,MALUKU UTARA,HALMAHERA TENGAH,5545.0,13735.0,1746.0,21026.0
2024-02-20 23:15:39.355539,MALUKU UTARA,HALMAHERA TIMUR,4632.0,14258.0,3055.0,21945.0
2024-02-20 23:15:39.355539,MALUKU UTARA,HALMAHERA UTARA,14978.0,67748.0,18740.0,101466.0
2024-02-20 23:15:39.355539,MALUKU UTARA,KEPULAUAN SULA,6083.0,12920.0,1125.0,20128.0
2024-02-20 23:15:39.355539,MALUKU UTARA,KOTA TERNATE,40314.0,59645.0,4967.0,104926.0
2024-02-20 23:15:39.355539,MALUKU UTARA,KOTA TIDORE KEPULAUAN,21952.0,35026.0,11854.0,68832.0
2024-02-20 23:15:39.355539,MALUKU UTARA,PULAU MOROTAI,6054.0,12446.0,4326.0,22826.0
2024-02-20 23:15:39.355539,MALUKU UTARA,PULAU TALIABU,3571.0,13919.0,1953.0,19443.0
2024-02-20 23:15:39.355539,NUSA TENGGARA BARAT,BIMA,50037.0,135108.0,6775.0,191920.0
2024-02-20 23:15:39.355539,NUSA TENGGARA BARAT,DOMPU,23112.0,81875.0,4003.0,108990.0
2024-02-20 23:15:39.355539,NUSA TENGGARA BARAT,KOTA BIMA,25958.0,50363.0,3167.0,79488.0
2024-02-20 23:15:39.355539,NUSA TENGGARA BARAT,KOTA MATARAM,38927.0,69591.0,16407.0,124925.0
2024-02-20 23:15:39.355539,NUSA TENGGARA BARAT,LOMBOK BARAT,48216.0,91753.0,9761.0,149730.0
2024-02-20 23:15:39.355539,NUSA TENGGARA BARAT,LOMBOK TENGAH,130168.0,311307.0,27282.0,468757.0
2024-02-20 23:15:39.355539,NUSA TENGGARA BARAT,LOMBOK TIMUR,122910.0,404351.0,58304.0,585565.0
2024-02-20 23:15:39.355539,NUSA TENGGARA BARAT,LOMBOK UTARA,34690.0,92304.0,14736.0,141730.0
2024-02-20 23:15:39.355539,NUSA TENGGARA BARAT,SUMBAWA,52657.0,161631.0,19121.0,233409.0
2024-02-20 23:15:39.355539,NUSA TENGGARA BARAT,SUMBAWA BARAT,16228.0,34660.0,3478.0,54366.0
2024-02-20 23:15:39.355539,PAPUA,BIAK NUMFOR,720.0,3944.0,3866.0,8530.0
2024-02-20 23:15:39.355539,PAPUA,JAYAPURA,845.0,3601.0,1948.0,6394.0
2024-02-20 23:15:39.355539,PAPUA,KEEROM,645.0,7149.0,1162.0,8956.0
2024-02-20 23:15:39.355539,PAPUA,KEPULAUAN YAPEN,2974.0,7134.0,7027.0,17135.0
2024-02-20 23:15:39.355539,PAPUA,KOTA JAYAPURA,3160.0,22634.0,4750.0,30544.0
2024-02-20 23:15:39.355539,PAPUA,MAMBERAMO RAYA,,,,
2024-02-20 23:15:39.355539,PAPUA,SARMI,604.0,2328.0,1951.0,4883.0
2024-02-20 23:15:39.355539,PAPUA,SUPIORI,184.0,938.0,696.0,1818.0
2024-02-20 23:15:39.355539,PAPUA,WAROPEN,651.0,3536.0,3986.0,8173.0
2024-02-20 23:15:39.355539,PAPUA BARAT,FAK FAK,1786.0,6961.0,1492.0,10239.0
2024-02-20 23:15:39.355539,PAPUA BARAT,KAIMANA,40.0,276.0,158.0,474.0
2024-02-20 23:15:39.355539,PAPUA BARAT,MANOKWARI,3404.0,23227.0,9816.0,36447.0
2024-02-20 23:15:39.355539,PAPUA BARAT,MANOKWARI SELATAN,201.0,157.0,22.0,380.0
2024-02-20 23:15:39.355539,PAPUA BARAT,PEGUNUNGAN ARFAK,121.0,355.0,1328.0,1804.0
2024-02-20 23:15:39.355539,PAPUA BARAT,TELUK BINTUNI,308.0,1565.0,548.0,2421.0
2024-02-20 23:15:39.355539,PAPUA BARAT,TELUK WONDAMA,871.0,4881.0,3364.0,9116.0
2024-02-20 23:15:39.355539,PAPUA BARAT DAYA,KOTA SORONG,2348.0,11036.0,2670.0,16054.0
2024-02-20 23:15:39.355539,PAPUA BARAT DAYA,MAYBRAT,1297.0,3708.0,3413.0,8418.0
2024-02-20 23:15:39.355539,PAPUA BARAT DAYA,RAJA AMPAT,941.0,3488.0,1316.0,5745.0
2024-02-20 23:15:39.355539,PAPUA BARAT DAYA,SORONG,4161.0,20726.0,9429.0,34316.0
2024-02-20 23:15:39.355539,PAPUA BARAT DAYA,SORONG SELATAN,829.0,2409.0,1961.0,5199.0
2024-02-20 23:15:39.355539,PAPUA BARAT DAYA,TAMBRAUW,24.0,151.0,160.0,335.0
2024-02-20 23:15:39.355539,PAPUA SELATAN,ASMAT,,,,
2024-02-20 23:15:39.355539,PAPUA SELATAN,BOVEN DIGOEL,136.0,127.0,283.0,546.0
2024-02-20 23:15:39.355539,PAPUA SELATAN,MAPPI,355.0,1669.0,678.0,2702.0
2024-02-20 23:15:39.355539,PAPUA SELATAN,MERAUKE,2199.0,17882.0,3975.0,24056.0
2024-02-20 23:15:39.355539,PAPUA TENGAH,DEIYAI,977.0,1586.0,2537.0,5100.0
2024-02-20 23:15:39.355539,PAPUA TENGAH,DOGIYAI,,,,
2024-02-20 23:15:39.355539,PAPUA TENGAH,INTAN JAYA,,,,
2024-02-20 23:15:39.355539,PAPUA TENGAH,MIMIKA,1010.0,4549.0,1283.0,6842.0
2024-02-20 23:15:39.355539,PAPUA TENGAH,NABIRE,2786.0,21587.0,5871.0,30244.0
2024-02-20 23:15:39.355539,PAPUA TENGAH,PANIAI,,,,
2024-02-20 23:15:39.355539,PAPUA TENGAH,PUNCAK,,,,
2024-02-20 23:15:39.355539,PAPUA TENGAH,PUNCAK JAYA,0.0,0.0,3092.0,3092.0
2024-02-20 23:15:39.355539,RIAU,PELALAWAN,34650.0,69971.0,14928.0,119549.0
2024-02-20 23:15:39.355539,RIAU,ROKAN HILIR,52157.0,90870.0,16506.0,159533.0
2024-02-20 23:15:39.355539,RIAU,ROKAN HULU,78694.0,131531.0,21830.0,232055.0
2024-02-20 23:15:39.355539,RIAU,BENGKALIS,37450.0,52100.0,11941.0,101491.0
2024-02-20 23:15:39.355539,RIAU,INDRAGIRI HILIR,27375.0,36735.0,6686.0,70796.0
2024-02-20 23:15:39.355539,RIAU,INDRAGIRI HULU,59893.0,130196.0,24374.0,214463.0
2024-02-20 23:15:39.355539,RIAU,KAMPAR,112730.0,129339.0,19210.0,261279.0
2024-02-20 23:15:39.355539,RIAU,KEPULAUAN MERANTI,31593.0,53106.0,10043.0,94742.0
2024-02-20 23:15:39.355539,RIAU,KOTA DUMAI,44532.0,54249.0,11261.0,110042.0
2024-02-20 23:15:39.355539,RIAU,KOTA PEKANBARU,240574.0,198351.0,36640.0,475565.0
2024-02-20 23:15:39.355539,RIAU,KUANTAN SINGINGI,33653.0,59540.0,8692.0,101885.0
2024-02-20 23:15:39.355539,RIAU,SIAK,19860.0,27980.0,5909.0,53749.0
2024-02-20 23:15:39.355539,SULAWESI BARAT,MAJENE,40828.0,60201.0,4062.0,105091.0
2024-02-20 23:15:39.355539,SULAWESI BARAT,MAMASA,5067.0,56205.0,16586.0,77858.0
2024-02-20 23:15:39.355539,SULAWESI BARAT,MAMUJU,27586.0,77270.0,7681.0,112537.0
2024-02-20 23:15:39.355539,SULAWESI BARAT,MAMUJU TENGAH,11152.0,34923.0,4332.0,50407.0
2024-02-20 23:15:39.355539,SULAWESI BARAT,PASANGKAYU,14046.0,33603.0,4814.0,52463.0
2024-02-20 23:15:39.355539,SULAWESI BARAT,POLEWALI MANDAR,80367.0,151520.0,9926.0,241813.0
2024-02-20 23:15:39.355539,SULAWESI SELATAN,BANTAENG,40917.0,57215.0,2693.0,100825.0
2024-02-20 23:15:39.355539,SULAWESI SELATAN,BARRU,33050.0,41836.0,2234.0,77120.0
2024-02-20 23:15:39.355539,SULAWESI SELATAN,BONE,136028.0,209958.0,9782.0,355768.0
2024-02-20 23:15:39.355539,SULAWESI SELATAN,BULUKUMBA,89673.0,121916.0,6114.0,217703.0
2024-02-20 23:15:39.355539,SULAWESI SELATAN,ENREKANG,60493.0,67449.0,3006.0,130948.0
2024-02-20 23:15:39.355539,SULAWESI SELATAN,GOWA,161639.0,212608.0,11586.0,385833.0
2024-02-20 23:15:39.355539,SULAWESI SELATAN,JENEPONTO,49937.0,82462.0,3315.0,135714.0
2024-02-20 23:15:39.355539,SULAWESI SELATAN,KEPULAUAN SELAYAR,12732.0,18935.0,1525.0,33192.0
2024-02-20 23:15:39.355539,SULAWESI SELATAN,KOTA MAKASSAR,219569.0,226939.0,39942.0,486450.0
2024-02-20 23:15:39.355539,SULAWESI SELATAN,KOTA PALOPO,26635.0,46112.0,4688.0,77435.0
2024-02-20 23:15:39.355539,SULAWESI SELATAN,KOTA PAREPARE,31489.0,46643.0,3358.0,81490.0
2024-02-20 23:15:39.355539,SULAWESI SELATAN,LUWU,70862.0,117342.0,8001.0,196205.0
2024-02-20 23:15:39.355539,SULAWESI SELATAN,LUWU TIMUR,37757.0,75871.0,12480.0,126108.0
2024-02-20 23:15:39.355539,SULAWESI SELATAN,LUWU UTARA,28640.0,66665.0,5535.0,100840.0
2024-02-20 23:15:39.355539,SULAWESI SELATAN,MAROS,62182.0,78608.0,5140.0,145930.0
2024-02-20 23:15:39.355539,SULAWESI SELATAN,PANGKAJENE DAN KEPULAUAN,53516.0,83783.0,4592.0,141891.0
2024-02-20 23:15:39.355539,SULAWESI SELATAN,PINRANG,73941.0,94472.0,4543.0,172956.0
2024-02-20 23:15:39.355539,SULAWESI SELATAN,SIDENRENG RAPPANG,80273.0,90258.0,3615.0,174146.0
2024-02-20 23:15:39.355539,SULAWESI SELATAN,SINJAI,58937.0,56159.0,2525.0,117621.0
2024-02-20 23:15:39.355539,SULAWESI SELATAN,SOPPENG,55644.0,82362.0,8967.0,146973.0
2024-02-20 23:15:39.355539,SULAWESI SELATAN,TAKALAR,54147.0,103482.0,4820.0,162449.0
2024-02-20 23:15:39.355539,SULAWESI SELATAN,TANA TORAJA,4929.0,81116.0,24772.0,110817.0
2024-02-20 23:15:39.355539,SULAWESI SELATAN,TORAJA UTARA,1625.0,93157.0,17583.0,112365.0
2024-02-20 23:15:39.355539,SULAWESI SELATAN,WAJO,84753.0,118743.0,5480.0,208976.0
2024-02-20 23:15:39.355539,SULAWESI TENGAH,BANGGAI,29839.0,108745.0,23362.0,161946.0
2024-02-20 23:15:39.355539,SULAWESI TENGAH,BANGGAI KEPULAUAN,8940.0,39712.0,6785.0,55437.0
2024-02-20 23:15:39.355539,SULAWESI TENGAH,BANGGAI LAUT,6146.0,25217.0,2644.0,34007.0
2024-02-20 23:15:39.355539,SULAWESI TENGAH,BUOL,17563.0,44412.0,3685.0,65660.0
2024-02-20 23:15:39.355539,SULAWESI TENGAH,DONGGALA,27627.0,86893.0,8602.0,123122.0
2024-02-20 23:15:39.355539,SULAWESI TENGAH,KOTA PALU,34667.0,62772.0,7434.0,104873.0
2024-02-20 23:15:39.355539,SULAWESI TENGAH,MOROWALI,18301.0,51454.0,3490.0,73245.0
2024-02-20 23:15:39.355539,SULAWESI TENGAH,MOROWALI UTARA,7368.0,38342.0,6115.0,51825.0
2024-02-20 23:15:39.355539,SULAWESI TENGAH,PARIGI MOUTONG,39573.0,132347.0,16997.0,188917.0
2024-02-20 23:15:39.355539,SULAWESI TENGAH,POSO,12694.0,69840.0,9732.0,92266.0
2024-02-20 23:15:39.355539,SULAWESI TENGAH,SIGI,15123.0,67258.0,7676.0,90057.0
2024-02-20 23:15:39.355539,SULAWESI TENGAH,TOJO UNA UNA,12287.0,37603.0,3376.0,53266.0
2024-02-20 23:15:39.355539,SULAWESI TENGAH,TOLI TOLI,33470.0,70273.0,6627.0,110370.0
2024-02-20 23:15:39.355539,SULAWESI TENGGARA,BOMBANA,18358.0,42797.0,2563.0,63718.0
2024-02-20 23:15:39.355539,SULAWESI TENGGARA,BUTON,11624.0,43076.0,5537.0,60237.0
2024-02-20 23:15:39.355539,SULAWESI TENGGARA,BUTON SELATAN,9065.0,25769.0,2668.0,37502.0
2024-02-20 23:15:39.355539,SULAWESI TENGGARA,BUTON TENGAH,8424.0,25519.0,2128.0,36071.0
2024-02-20 23:15:39.355539,SULAWESI TENGGARA,BUTON UTARA,6275.0,27555.0,2653.0,36483.0
2024-02-20 23:15:39.355539,SULAWESI TENGGARA,KOLAKA,37737.0,82344.0,5607.0,125688.0
2024-02-20 23:15:39.355539,SULAWESI TENGGARA,KOLAKA TIMUR,13017.0,40452.0,3532.0,57001.0
2024-02-20 23:15:39.355539,SULAWESI TENGGARA,KOLAKA UTARA,29456.0,48152.0,2592.0,80200.0
2024-02-20 23:15:39.355539,SULAWESI TENGGARA,KONAWE,12521.0,71069.0,4779.0,88369.0
2024-02-20 23:15:39.355539,SULAWESI TENGGARA,KONAWE KEPULAUAN,4081.0,13106.0,560.0,17747.0
2024-02-20 23:15:39.355539,SULAWESI TENGGARA,KONAWE SELATAN,9843.0,48510.0,4196.0,62549.0
2024-02-20 23:15:39.355539,SULAWESI TENGGARA,KONAWE UTARA,2994.0,15454.0,886.0,19334.0
2024-02-20 23:15:39.355539,SULAWESI TENGGARA,KOTA BAU BAU,11648.0,35108.0,3056.0,49812.0
2024-02-20 23:15:39.355539,SULAWESI TENGGARA,KOTA KENDARI,11756.0,25416.0,2754.0,39926.0
2024-02-20 23:15:39.355539,SULAWESI TENGGARA,MUNA,20826.0,59840.0,4174.0,84840.0
2024-02-20 23:15:39.355539,SULAWESI TENGGARA,MUNA BARAT,9086.0,31325.0,2659.0,43070.0
2024-02-20 23:15:39.355539,SULAWESI TENGGARA,WAKATOBI,9218.0,38236.0,5829.0,53283.0
2024-02-20 23:15:39.355539,SULAWESI UTARA,BOLAANG MONGONDOW,11290.0,109296.0,13925.0,134511.0
2024-02-20 23:15:39.355539,SULAWESI UTARA,BOLAANG MONGONDOW SELATAN,7856.0,32133.0,7576.0,47565.0
2024-02-20 23:15:39.355539,SULAWESI UTARA,BOLAANG MONGONDOW TIMUR,6735.0,41166.0,4399.0,52300.0
2024-02-20 23:15:39.355539,SULAWESI UTARA,BOLAANG MONGONDOW UTARA,9425.0,37641.0,4455.0,51521.0
2024-02-20 23:15:39.355539,SULAWESI UTARA,KEP. SIAU TAGULANDANG BIARO,569.0,22186.0,10813.0,33568.0
2024-02-20 23:15:39.355539,SULAWESI UTARA,KEPULAUAN SANGIHE,3685.0,48757.0,14144.0,66586.0
2024-02-20 23:15:39.355539,SULAWESI UTARA,KEPULAUAN TALAUD,1422.0,44297.0,13072.0,58791.0
2024-02-20 23:15:39.355539,SULAWESI UTARA,KOTA BITUNG,11225.0,82998.0,20751.0,114974.0
2024-02-20 23:15:39.355539,SULAWESI UTARA,KOTA KOTAMOBAGU,11594.0,49408.0,5371.0,66373.0
2024-02-20 23:15:39.355539,SULAWESI UTARA,KOTA MANADO,19924.0,139062.0,34686.0,193672.0
2024-02-20 23:15:39.355539,SULAWESI UTARA,KOTA TOMOHON,1030.0,51131.0,16815.0,68976.0
2024-02-20 23:15:39.355539,SULAWESI UTARA,MINAHASA,4032.0,134273.0,38146.0,176451.0
2024-02-20 23:15:39.355539,SULAWESI UTARA,MINAHASA SELATAN,3926.0,109148.0,30818.0,143892.0
2024-02-20 23:15:39.355539,SULAWESI UTARA,MINAHASA TENGGARA,3660.0,62304.0,13177.0,79141.0
2024-02-20 23:15:39.355539,SULAWESI UTARA,MINAHASA UTARA,5202.0,93723.0,16845.0,115770.0
2024-02-20 23:15:39.355539,SUMATERA BARAT,AGAM,79962.0,31680.0,3092.0,114734.0
2024-02-20 23:15:39.355539,SUMATERA BARAT,DHARMASRAYA,37591.0,83639.0,11778.0,133008.0
2024-02-20 23:15:39.355539,SUMATERA BARAT,KEPULAUAN MENTAWAI,2937.0,12949.0,9713.0,25599.0
2024-02-20 23:15:39.355539,SUMATERA BARAT,KOTA BUKITTINGGI,21367.0,8773.0,1045.0,31185.0
2024-02-20 23:15:39.355539,SUMATERA BARAT,KOTA PADANG,192776.0,108631.0,11693.0,313100.0
2024-02-20 23:15:39.355539,SUMATERA BARAT,KOTA PADANG PANJANG,20505.0,10021.0,946.0,31472.0
2024-02-20 23:15:39.355539,SUMATERA BARAT,KOTA PARIAMAN,30504.0,11273.0,1000.0,42777.0
2024-02-20 23:15:39.355539,SUMATERA BARAT,KOTA PAYAKUMBUH,51808.0,26778.0,2360.0,80946.0
2024-02-20 23:15:39.355539,SUMATERA BARAT,KOTA SAWAHLUNTO,15997.0,15592.0,1398.0,32987.0
2024-02-20 23:15:39.355539,SUMATERA BARAT,KOTA SOLOK,16285.0,10018.0,761.0,27064.0
2024-02-20 23:15:39.355539,SUMATERA BARAT,LIMA PULUH KOTA,97256.0,61895.0,4837.0,163988.0
2024-02-20 23:15:39.355539,SUMATERA BARAT,PADANG PARIAMAN,72437.0,29869.0,2448.0,104754.0
2024-02-20 23:15:39.355539,SUMATERA BARAT,PASAMAN,63350.0,35693.0,2623.0,101666.0
2024-02-20 23:15:39.355539,SUMATERA BARAT,PASAMAN BARAT,28962.0,29596.0,2994.0,61552.0
2024-02-20 23:15:39.355539,SUMATERA BARAT,PESISIR SELATAN,35852.0,40966.0,3439.0,80257.0
2024-02-20 23:15:39.355539,SUMATERA BARAT,SIJUNJUNG,14052.0,17612.0,1262.0,32926.0
2024-02-20 23:15:39.355539,SUMATERA BARAT,SOLOK,89493.0,61802.0,3407.0,154702.0
2024-02-20 23:15:39.355539,SUMATERA BARAT,SOLOK SELATAN,22905.0,39527.0,2408.0,64840.0
2024-02-20 23:15:39.355539,SUMATERA BARAT,TANAH DATAR,100284.0,46874.0,3575.0,150733.0
2024-02-20 23:15:39.355539,SUMATERA SELATAN,BANYUASIN,55397.0,273514.0,46224.0,375135.0
2024-02-20 23:15:39.355539,SUMATERA SELATAN,EMPAT LAWANG,11812.0,48344.0,6795.0,66951.0
2024-02-20 23:15:39.355539,SUMATERA SELATAN,KOTA LUBUK LINGGAU,20831.0,64697.0,9427.0,94955.0
2024-02-20 23:15:39.355539,SUMATERA SELATAN,KOTA PAGAR ALAM,12960.0,50031.0,8225.0,71216.0
2024-02-20 23:15:39.355539,SUMATERA SELATAN,KOTA PALEMBANG,161133.0,268960.0,52072.0,482165.0
2024-02-20 23:15:39.355539,SUMATERA SELATAN,KOTA PRABUMULIH,17156.0,51833.0,8228.0,77217.0
2024-02-20 23:15:39.355539,SUMATERA SELATAN,LAHAT,25200.0,118359.0,13466.0,157025.0
2024-02-20 23:15:39.355539,SUMATERA SELATAN,MUARA ENIM,15663.0,60917.0,9800.0,86380.0
2024-02-20 23:15:39.355539,SUMATERA SELATAN,MUSI BANYUASIN,40456.0,185095.0,38786.0,264337.0
2024-02-20 23:15:39.355539,SUMATERA SELATAN,MUSI RAWAS,15019.0,96860.0,19546.0,131425.0
2024-02-20 23:15:39.355539,SUMATERA SELATAN,MUSI RAWAS UTARA,15233.0,70010.0,11988.0,97231.0
2024-02-20 23:15:39.355539,SUMATERA SELATAN,OGAN ILIR,49673.0,159904.0,22630.0,232207.0
2024-02-20 23:15:39.355539,SUMATERA SELATAN,OGAN KOMERING ILIR,41494.0,245987.0,42139.0,329620.0
2024-02-20 23:15:39.355539,SUMATERA SELATAN,OGAN KOMERING ULU,12700.0,42930.0,4659.0,60289.0
2024-02-20 23:15:39.355539,SUMATERA SELATAN,OGAN KOMERING ULU SELATAN,27294.0,144510.0,21966.0,193770.0
2024-02-20 23:15:39.355539,SUMATERA SELATAN,OGAN KOMERING ULU TIMUR,32958.0,229654.0,37931.0,300543.0
2024-02-20 23:15:39.355539,SUMATERA SELATAN,PENUKAL ABAB LEMATANG ILIR,13290.0,66137.0,12254.0,91681.0
2024-02-20 23:15:39.355539,SUMATERA UTARA,ASAHAN,34958.0,52293.0,11001.0,98252.0
2024-02-20 23:15:39.355539,SUMATERA UTARA,BATU BARA,46317.0,55346.0,7213.0,108876.0
2024-02-20 23:15:39.355539,SUMATERA UTARA,DAIRI,6724.0,49192.0,17490.0,73406.0
2024-02-20 23:15:39.355539,SUMATERA UTARA,DELI SERDANG,96686.0,170086.0,30495.0,297267.0
2024-02-20 23:15:39.355539,SUMATERA UTARA,HUMBANG HASUNDUTAN,834.0,26484.0,9576.0,36894.0
2024-02-20 23:15:39.355539,SUMATERA UTARA,KARO,4082.0,41816.0,12750.0,58648.0
2024-02-20 23:15:39.355539,SUMATERA UTARA,KOTA BINJAI,23033.0,32730.0,4282.0,60045.0
2024-02-20 23:15:39.355539,SUMATERA UTARA,KOTA GUNUNGSITOLI,2407.0,22003.0,6161.0,30571.0
2024-02-20 23:15:39.355539,SUMATERA UTARA,KOTA MEDAN,50909.0,63285.0,17979.0,132173.0
2024-02-20 23:15:39.355539,SUMATERA UTARA,KOTA PADANG SIDEMPUAN,40826.0,32365.0,3437.0,76628.0
2024-02-20 23:15:39.355539,SUMATERA UTARA,KOTA PEMATANGSIANTAR,22326.0,68919.0,21306.0,112551.0
2024-02-20 23:15:39.355539,SUMATERA UTARA,KOTA SIBOLGA,1096.0,3098.0,703.0,4897.0
2024-02-20 23:15:39.355539,SUMATERA UTARA,KOTA TANJUNG BALAI,26766.0,21873.0,3984.0,52623.0
2024-02-20 23:15:39.355539,SUMATERA UTARA,KOTA TEBING TINGGI,25997.0,39454.0,7515.0,72966.0
2024-02-20 23:15:39.355539,SUMATERA UTARA,LABUHANBATU,37328.0,51086.0,7259.0,95673.0
2024-02-20 23:15:39.355539,SUMATERA UTARA,LABUHANBATU SELATAN,21546.0,47332.0,6041.0,74919.0
2024-02-20 23:15:39.355539,SUMATERA UTARA,LABUHANBATU UTARA,35815.0,83552.0,11311.0,130678.0
2024-02-20 23:15:39.355539,SUMATERA UTARA,LANGKAT,112635.0,226934.0,30733.0,370302.0
2024-02-20 23:15:39.355539,SUMATERA UTARA,MANDAILING NATAL,64062.0,43434.0,3547.0,111043.0
2024-02-20 23:15:39.355539,SUMATERA UTARA,NIAS,512.0,11470.0,4811.0,16793.0
2024-02-20 23:15:39.355539,SUMATERA UTARA,NIAS BARAT,723.0,18009.0,5853.0,24585.0
2024-02-20 23:15:39.355539,SUMATERA UTARA,NIAS SELATAN,2118.0,39386.0,14358.0,55862.0
2024-02-20 23:15:39.355539,SUMATERA UTARA,NIAS UTARA,1518.0,16777.0,4632.0,22927.0
2024-02-20 23:15:39.355539,SUMATERA UTARA,PADANG LAWAS,14462.0,19672.0,992.0,35126.0
2024-02-20 23:15:39.355539,SUMATERA UTARA,PADANG LAWAS UTARA,32539.0,62613.0,3169.0,98321.0
2024-02-20 23:15:39.355539,SUMATERA UTARA,PAKPAK BHARAT,3699.0,9769.0,2419.0,15887.0
2024-02-20 23:15:39.355539,SUMATERA UTARA,SAMOSIR,1113.0,44507.0,19548.0,65168.0
2024-02-20 23:15:39.355539,SUMATERA UTARA,SERDANG BEDAGAI,60350.0,131101.0,25370.0,216821.0
2024-02-20 23:15:39.355539,SUMATERA UTARA,SIMALUNGUN,20475.0,94006.0,23078.0,137559.0
2024-02-20 23:15:39.355539,SUMATERA UTARA,TAPANULI SELATAN,19338.0,33354.0,2717.0,55409.0
2024-02-20 23:15:39.355539,SUMATERA UTARA,TAPANULI TENGAH,24161.0,60384.0,13747.0,98292.0
2024-02-20 23:15:39.355539,SUMATERA UTARA,TAPANULI UTARA,2608.0,44130.0,16172.0,62910.0
2024-02-20 23:15:39.355539,SUMATERA UTARA,TOBA,1317.0,41437.0,12332.0,55086.0
2024-02-20 23:15:39.355539,Luar Negeri,"Abu Dhabi, Uni Emirat Arab",1568.0,1174.0,380.0,3122.0
2024-02-20 23:15:39.355539,Luar Negeri,"Abuja, Nigeria",151.0,494.0,231.0,876.0
2024-02-20 23:15:39.355539,Luar Negeri,"Addis Ababa, Ethiopia",18.0,25.0,32.0,75.0
2024-02-20 23:15:39.355539,Luar Negeri,"Alger, Aljazair",47.0,72.0,24.0,143.0
2024-02-20 23:15:39.355539,Luar Negeri,"Amman, Yordania",530.0,376.0,45.0,951.0
2024-02-20 23:15:39.355539,Luar Negeri,"Ankara, Turki",1524.0,749.0,117.0,2390.0
2024-02-20 23:15:39.355539,Luar Negeri,"Antananarivo, Madagaskar",36.0,208.0,76.0,320.0
2024-02-20 23:15:39.355539,Luar Negeri,"Astana, Kazakhstan",20.0,44.0,33.0,97.0
2024-02-20 23:15:39.355539,Luar Negeri,"Athena, Yunani",98.0,659.0,233.0,990.0
2024-02-20 23:15:39.355539,Luar Negeri,"Baghdad, Irak",30.0,125.0,14.0,169.0
2024-02-20 23:15:39.355539,Luar Negeri,"Baku, Azerbaijan",25.0,38.0,18.0,81.0
2024-02-20 23:15:39.355539,Luar Negeri,"Bandar Seri Begawan, Brunei Darussalam",1512.0,4251.0,1459.0,7222.0
2024-02-20 23:15:39.355539,Luar Negeri,"Bangkok, Thailand",540.0,564.0,420.0,1524.0
2024-02-20 23:15:39.355539,Luar Negeri,"Beijing, Republik Rakyat Tiongkok",82.0,271.0,178.0,531.0
2024-02-20 23:15:39.355539,Luar Negeri,"Beirut, Lebanon",40.0,57.0,29.0,126.0
2024-02-20 23:15:39.355539,Luar Negeri,"Beograd, Serbia",18.0,67.0,46.0,131.0
2024-02-20 23:15:39.355539,Luar Negeri,"Berlin, Jerman",704.0,559.0,836.0,2099.0
2024-02-20 23:15:39.355539,Luar Negeri,"Bern, Swiss",227.0,401.0,581.0,1209.0
2024-02-20 23:15:39.355539,Luar Negeri,"Bogota, Kolombia",0.0,20.0,28.0,48.0
2024-02-20 23:15:39.355539,Luar Negeri,"Brasilia, Brasil",20.0,65.0,110.0,195.0
2024-02-20 23:15:39.355539,Luar Negeri,"Bratislava, Slowakia",52.0,150.0,46.0,248.0
2024-02-20 23:15:39.355539,Luar Negeri,"Brussels, Belgia",261.0,385.0,524.0,1170.0
2024-02-20 23:15:39.355539,Luar Negeri,"Bucharest, Rumania",42.0,160.0,73.0,275.0
2024-02-20 23:15:39.355539,Luar Negeri,"Budapest, Hongaria",256.0,444.0,153.0,853.0
2024-02-20 23:15:39.355539,Luar Negeri,"Buenos Aires, Argentina",23.0,65.0,85.0,173.0
2024-02-20 23:15:39.355539,Luar Negeri,"Canberra, Australia",200.0,118.0,244.0,562.0
2024-02-20 23:15:39.355539,Luar Negeri,"Cape Town, Afrika Selatan",26.0,34.0,21.0,81.0
2024-02-20 23:15:39.355539,Luar Negeri,"Caracas, Venezuela",21.0,48.0,31.0,100.0
2024-02-20 23:15:39.355539,Luar Negeri,"Chicago, Amerika Serikat",276.0,243.0,416.0,935.0
2024-02-20 23:15:39.355539,Luar Negeri,"Colombo, Sri Langka",32.0,102.0,63.0,197.0
2024-02-20 23:15:39.355539,Luar Negeri,"Dakar, Senegal",212.0,274.0,97.0,583.0
2024-02-20 23:15:39.355539,Luar Negeri,"Damascus, Suriah",164.0,85.0,32.0,281.0
2024-02-20 23:15:39.355539,Luar Negeri,"Dar-Es Salaam, Tanzania",17.0,41.0,33.0,91.0
2024-02-20 23:15:39.355539,Luar Negeri,"Darwin, Australia",93.0,161.0,147.0,401.0
2024-02-20 23:15:39.355539,Luar Negeri,"Davao City, Filipina",220.0,685.0,134.0,1039.0
2024-02-20 23:15:39.355539,Luar Negeri,"Den Haag, Belanda",1205.0,1095.0,1953.0,4253.0
2024-02-20 23:15:39.355539,Luar Negeri,"Dhaka, Bangladesh",133.0,150.0,78.0,361.0
2024-02-20 23:15:39.355539,Luar Negeri,"Dili, Timor Leste",273.0,1750.0,759.0,2782.0
2024-02-20 23:15:39.355539,Luar Negeri,"Doha, Qatar",2356.0,750.0,517.0,3623.0
2024-02-20 23:15:39.355539,Luar Negeri,"Dubai, Uni Emirat Arab",923.0,1793.0,441.0,3157.0
2024-02-20 23:15:39.355539,Luar Negeri,"Frankfurt, Jerman",1117.0,1630.0,2341.0,5088.0
2024-02-20 23:15:39.355539,Luar Negeri,"Guangzhou, Tiongkok",48.0,332.0,262.0,642.0
2024-02-20 23:15:39.355539,Luar Negeri,"Hamburg, Jerman",525.0,675.0,916.0,2116.0
2024-02-20 23:15:39.355539,Luar Negeri,"Hanoi, Vietnam",37.0,47.0,49.0,133.0
2024-02-20 23:15:39.355539,Luar Negeri,"Harare, Zimbabwe",29.0,100.0,28.0,157.0
2024-02-20 23:15:39.355539,Luar Negeri,"Havana, Kuba",8.0,96.0,54.0,158.0
2024-02-20 23:15:39.355539,Luar Negeri,"Helsinki, Finlandia",122.0,175.0,193.0,490.0
2024-02-20 23:15:39.355539,Luar Negeri,"Ho Chi Minh City, Vietnam",56.0,97.0,114.0,267.0
2024-02-20 23:15:39.355539,Luar Negeri,"Hong Kong, Republik Rakyat Tiongkok",2122.0,23537.0,7739.0,33398.0
2024-02-20 23:15:39.355539,Luar Negeri,"Houston, Amerika Serikat",352.0,464.0,789.0,1605.0
2024-02-20 23:15:39.355539,Luar Negeri,"Islamabad, Pakistan",389.0,141.0,47.0,577.0
2024-02-20 23:15:39.355539,Luar Negeri,"Istanbul, Turki",1086.0,460.0,84.0,1630.0
2024-02-20 23:15:39.355539,Luar Negeri,"Jeddah, Arab Saudi",9916.0,4843.0,1375.0,16134.0
2024-02-20 23:15:39.355539,Luar Negeri,"Johor Bahru, Malaysia",462.0,2572.0,396.0,3430.0
2024-02-20 23:15:39.355539,Luar Negeri,"Kairo, Mesir",6996.0,1981.0,529.0,9506.0
2024-02-20 23:15:39.355539,Luar Negeri,"Karachi, Pakistan",137.0,38.0,12.0,187.0
2024-02-20 23:15:39.355539,Luar Negeri,"Khartoum, Sudan",13.0,12.0,2.0,27.0
2024-02-20 23:15:39.355539,Luar Negeri,"Kiev, Ukrania",6.0,30.0,17.0,53.0
2024-02-20 23:15:39.355539,Luar Negeri,"Kopenhagen, Denmark",139.0,139.0,212.0,490.0
2024-02-20 23:15:39.355539,Luar Negeri,"Kota Kinabalu, Malaysia",2138.0,10538.0,1802.0,14478.0
2024-02-20 23:15:39.355539,Luar Negeri,"Kuala Lumpur, Malaysia",5166.0,6461.0,1952.0,13579.0
2024-02-20 23:15:39.355539,Luar Negeri,"Kuching, Malaysia",937.0,5186.0,671.0,6794.0
2024-02-20 23:15:39.355539,Luar Negeri,"Kuwait City, Kuwait",653.0,820.0,259.0,1732.0
2024-02-20 23:15:39.355539,Luar Negeri,"Lima, Peru",10.0,37.0,35.0,82.0
2024-02-20 23:15:39.355539,Luar Negeri,"Lisabon, Portugal",35.0,125.0,89.0,249.0
2024-02-20 23:15:39.355539,Luar Negeri,"London, Inggris",1527.0,748.0,1400.0,3675.0
2024-02-20 23:15:39.355539,Luar Negeri,"Los Angeles, Amerika Serikat",404.0,1295.0,2102.0,3801.0
2024-02-20 23:15:39.355539,Luar Negeri,"Madrid, Spanyol",154.0,315.0,376.0,845.0
2024-02-20 23:15:39.355539,Luar Negeri,"Manama, Bahrain",199.0,528.0,73.0,800.0
2024-02-20 23:15:39.355539,Luar Negeri,"Manila, Filipina",84.0,478.0,353.0,915.0
2024-02-20 23:15:39.355539,Luar Negeri,"Maputo, Mozambik",37.0,70.0,37.0,144.0
2024-02-20 23:15:39.355539,Luar Negeri,"Marseille, Perancis",73.0,178.0,186.0,437.0
2024-02-20 23:15:39.355539,Luar Negeri,"Melbourne, Australia",1146.0,1267.0,2394.0,4807.0
2024-02-20 23:15:39.355539,Luar Negeri,"Mexico City, Mexico",28.0,95.0,111.0,234.0
2024-02-20 23:15:39.355539,Luar Negeri,"Moskow, Rusia",103.0,214.0,107.0,424.0
2024-02-20 23:15:39.355539,Luar Negeri,"Mumbai, India",101.0,159.0,92.0,352.0
2024-02-20 23:15:39.355539,Luar Negeri,"Muscat, Oman",345.0,575.0,139.0,1059.0
2024-02-20 23:15:39.355539,Luar Negeri,"Nairobi, Kenya",66.0,52.0,64.0,182.0
2024-02-20 23:15:39.355539,Luar Negeri,"New Delhi, India",89.0,106.0,91.0,286.0
2024-02-20 23:15:39.355539,Luar Negeri,"New York, Amerika Serikat",621.0,1150.0,1629.0,3400.0
2024-02-20 23:15:39.355539,Luar Negeri,"Noumea, Perancis",41.0,99.0,84.0,224.0
2024-02-20 23:15:39.355539,Luar Negeri,"Osaka, Jepang",1034.0,1749.0,627.0,3410.0
2024-02-20 23:15:39.355539,Luar Negeri,"Oslo, Norwegia",188.0,177.0,264.0,629.0
2024-02-20 23:15:39.355539,Luar Negeri,"Ottawa, Kanada",116.0,167.0,241.0,524.0
2024-02-20 23:15:39.355539,Luar Negeri,"Panama City, Panama",12.0,64.0,29.0,105.0
2024-02-20 23:15:39.355539,Luar Negeri,"Paramaribo, Suriname",5.0,38.0,26.0,69.0
2024-02-20 23:15:39.355539,Luar Negeri,"Paris, Perancis",382.0,594.0,859.0,1835.0
2024-02-20 23:15:39.355539,Luar Negeri,"Penang, Malaysia",1926.0,13579.0,1654.0,17159.0
2024-02-20 23:15:39.355539,Luar Negeri,"Perth, Australia",708.0,1137.0,1600.0,3445.0
2024-02-20 23:15:39.355539,Luar Negeri,"Phnom Penh, Kamboja",213.0,3854.0,352.0,4419.0
2024-02-20 23:15:39.355539,Luar Negeri,"Port Moresby, Papua Nugini",80.0,613.0,180.0,873.0
2024-02-20 23:15:39.355539,Luar Negeri,"Praha, Republik Ceko",63.0,185.0,112.0,360.0
2024-02-20 23:15:39.355539,Luar Negeri,"Pretoria, Afrika Selatan",80.0,67.0,54.0,201.0
2024-02-20 23:15:39.355539,Luar Negeri,"Quito, Ekuador",7.0,11.0,18.0,36.0
2024-02-20 23:15:39.355539,Luar Negeri,"Rabat, Morocco",188.0,78.0,52.0,318.0
2024-02-20 23:15:39.355539,Luar Negeri,"Riyadh, Arab Saudi",3294.0,3112.0,810.0,7216.0
2024-02-20 23:15:39.355539,Luar Negeri,"Roma, Italia",192.0,281.0,314.0,787.0
2024-02-20 23:15:39.355539,Luar Negeri,"San Francisco, Amerika Serikat",125.0,159.0,344.0,628.0
2024-02-20 23:15:39.355539,Luar Negeri,"Sana'a, Yaman",4268.0,396.0,89.0,4753.0
2024-02-20 23:15:39.355539,Luar Negeri,"Santiago, Chile",20.0,50.0,50.0,120.0
2024-02-20 23:15:39.355539,Luar Negeri,"Sarajevo, Bosnia dan Herzegovina",27.0,29.0,12.0,68.0
2024-02-20 23:15:39.355539,Luar Negeri,"Seoul, Korea Selatan",1542.0,4930.0,1213.0,7685.0
2024-02-20 23:15:39.355539,Luar Negeri,"Shanghai, Republik Rakyat Tiongkok",103.0,245.0,242.0,590.0
2024-02-20 23:15:39.355539,Luar Negeri,"Singapura, Singapura",3261.0,18567.0,8575.0,30403.0
2024-02-20 23:15:39.355539,Luar Negeri,"Sofia, Bulgaria",22.0,52.0,30.0,104.0
2024-02-20 23:15:39.355539,Luar Negeri,"Songkhla, Thailand",128.0,114.0,39.0,281.0
2024-02-20 23:15:39.355539,Luar Negeri,"Stockholm, Swedia",233.0,187.0,346.0,766.0
2024-02-20 23:15:39.355539,Luar Negeri,"Suva, Fiji",20.0,70.0,37.0,127.0
2024-02-20 23:15:39.355539,Luar Negeri,"Sydney, Australia",1910.0,2243.0,3629.0,7782.0
2024-02-20 23:15:39.355539,Luar Negeri,"Taipei, Taiwan",1404.0,22953.0,3736.0,28093.0
2024-02-20 23:15:39.355539,Luar Negeri,"Tashkent, Uzbekistan",30.0,63.0,19.0,112.0
2024-02-20 23:15:39.355539,Luar Negeri,"Tawau, Sabah",7825.0,35714.0,4097.0,47636.0
2024-02-20 23:15:39.355539,Luar Negeri,"Tehran, Iran",37.0,71.0,155.0,263.0
2024-02-20 23:15:39.355539,Luar Negeri,"Tokyo, Jepang",,,,
2024-02-20 23:15:39.355539,Luar Negeri,"Toronto, Kanada",288.0,508.0,931.0,1727.0
2024-02-20 23:15:39.355539,Luar Negeri,"Tripoli, Libya",159.0,15.0,9.0,183.0
2024-02-20 23:15:39.355539,Luar Negeri,"Tunis, Tunisia",88.0,45.0,43.0,176.0
2024-02-20 23:15:39.355539,Luar Negeri,"Vancouver, Kanada",325.0,659.0,1179.0,2163.0
2024-02-20 23:15:39.355539,Luar Negeri,"Vanimo, Papua Nugini",45.0,209.0,52.0,306.0
2024-02-20 23:15:39.355539,Luar Negeri,"Vatikan, Vatikan",5.0,482.0,777.0,1264.0
2024-02-20 23:15:39.355539,Luar Negeri,"Vientiane, Laos",42.0,59.0,50.0,151.0
2024-02-20 23:15:39.355539,Luar Negeri,"Warsawa, Polandia",240.0,758.0,255.0,1253.0
2024-02-20 23:15:39.355539,Luar Negeri,"Washington D.C., Amerika Serikat",321.0,269.0,494.0,1084.0
2024-02-20 23:15:39.355539,Luar Negeri,"Wellington, Selandia Baru",386.0,667.0,1044.0,2097.0
2024-02-20 23:15:39.355539,Luar Negeri,"Wina, Austria",151.0,244.0,330.0,725.0
2024-02-20 23:15:39.355539,Luar Negeri,"Windhoek, Namibia",16.0,58.0,36.0,110.0
2024-02-20 23:15:39.355539,Luar Negeri,"Yangon, Myanmar",59.0,77.0,67.0,203.0
2024-02-20 23:15:39.355539,Luar Negeri,"Zagreb, Kroasia",18.0,19.0,31.0,68.0
2024-02-20 23:15:39.355539,KEPULAUAN RIAU,BINTAN,22285.0,49759.0,10197.0,82241.0
2024-02-20 23:15:39.355539,KEPULAUAN RIAU,KARIMUN,39528.0,61986.0,14006.0,115520.0
2024-02-20 23:15:39.355539,KEPULAUAN RIAU,KEPULAUAN ANAMBAS,8102.0,13470.0,2092.0,23664.0
2024-02-20 23:15:39.355539,KEPULAUAN RIAU,KOTA BATAM,82498.0,131490.0,27721.0,241709.0
2024-02-20 23:15:39.355539,KEPULAUAN RIAU,KOTA TANJUNG PINANG,19146.0,33950.0,8856.0,61952.0
2024-02-20 23:15:39.355539,KEPULAUAN RIAU,LINGGA,10458.0,19844.0,3040.0,33342.0
2024-02-20 23:15:39.355539,KEPULAUAN RIAU,NATUNA,13797.0,24856.0,3934.0,42587.0
2024-02-20 23:15:39.355539,NUSA TENGGARA TIMUR,ALOR,11828.0,41681.0,17459.0,70968.0
2024-02-20 23:15:39.355539,NUSA TENGGARA TIMUR,BELU,814.0,30775.0,6193.0,37782.0
2024-02-20 23:15:39.355539,NUSA TENGGARA TIMUR,ENDE,9698.0,54045.0,34078.0,97821.0
2024-02-20 23:15:39.355539,NUSA TENGGARA TIMUR,FLORES TIMUR,4716.0,17157.0,14775.0,36648.0
2024-02-20 23:15:39.355539,NUSA TENGGARA TIMUR,KAB TIMOR TENGAH SELATAN,2726.0,44799.0,29131.0,76656.0
2024-02-20 23:15:39.355539,NUSA TENGGARA TIMUR,KOTA KUPANG,3833.0,45440.0,13626.0,62899.0
2024-02-20 23:15:39.355539,NUSA TENGGARA TIMUR,KUPANG,1299.0,48363.0,16542.0,66204.0
2024-02-20 23:15:39.355539,NUSA TENGGARA TIMUR,LEMBATA,4321.0,14071.0,13540.0,31932.0
2024-02-20 23:15:39.355539,NUSA TENGGARA TIMUR,MALAKA,1215.0,32899.0,11455.0,45569.0
2024-02-20 23:15:39.355539,NUSA TENGGARA TIMUR,MANGGARAI,2745.0,63140.0,33918.0,99803.0
2024-02-20 23:15:39.355539,NUSA TENGGARA TIMUR,MANGGARAI BARAT,5720.0,48765.0,26753.0,81238.0
2024-02-20 23:15:39.355539,NUSA TENGGARA TIMUR,MANGGARAI TIMUR,5187.0,66277.0,37892.0,109356.0
2024-02-20 23:15:39.355539,NUSA TENGGARA TIMUR,NAGEKEO,2409.0,25199.0,20234.0,47842.0
2024-02-20 23:15:39.355539,NUSA TENGGARA TIMUR,NGADA,1740.0,32147.0,15668.0,49555.0
2024-02-20 23:15:39.355539,NUSA TENGGARA TIMUR,ROTE NDAO,1561.0,38098.0,15030.0,54689.0
2024-02-20 23:15:39.355539,NUSA TENGGARA TIMUR,SABU RAIJUA,929.0,15117.0,17409.0,33455.0
2024-02-20 23:15:39.355539,NUSA TENGGARA TIMUR,SIKKA,4085.0,59434.0,41768.0,105287.0
2024-02-20 23:15:39.355539,NUSA TENGGARA TIMUR,SUMBA BARAT,1376.0,17869.0,11528.0,30773.0
2024-02-20 23:15:39.355539,NUSA TENGGARA TIMUR,SUMBA BARAT DAYA,583.0,8064.0,5142.0,13789.0
2024-02-20 23:15:39.355539,NUSA TENGGARA TIMUR,SUMBA TENGAH,645.0,8570.0,6275.0,15490.0
2024-02-20 23:15:39.355539,NUSA TENGGARA TIMUR,SUMBA TIMUR,2234.0,22877.0,10756.0,35867.0
2024-02-20 23:15:39.355539,NUSA TENGGARA TIMUR,TIMOR TENGAH UTARA,1753.0,56191.0,29114.0,87058.0
2024-02-20 23:15:39.355539,PAPUA PEGUNUNGAN,JAYAWIJAYA,145.0,0.0,141.0,286.0
2024-02-20 23:15:39.355539,PAPUA PEGUNUNGAN,KAB PEGUNUNGAN BINTANG,,,,
2024-02-20 23:15:39.355539,PAPUA PEGUNUNGAN,LANNY JAYA,,,,
2024-02-20 23:15:39.355539,PAPUA PEGUNUNGAN,MAMBERAMO TENGAH,0.0,439.0,0.0,439.0
2024-02-20 23:15:39.355539,PAPUA PEGUNUNGAN,NDUGA,,,,
2024-02-20 23:15:39.355539,PAPUA PEGUNUNGAN,TOLIKARA,,,,
2024-02-20 23:15:39.355539,PAPUA PEGUNUNGAN,YAHUKIMO,,,,
2024-02-20 23:15:39.355539,PAPUA PEGUNUNGAN,YALIMO,,,,
